SSN,Phone_number
7935604,247-839-0656
7095361,233-233-5982
9124314,747-848-1794
8919238,291-154-5557
9154743,161-964-1350
9504248,795-937-1477
9657899,784-818-3242
8805318,680-261-3821
9256728,412-383-5732
7217550,355-971-5127
9599865,100-916-7427
9039610,498-245-5824
7145136,862-106-0695
8536888,728-375-0712
8594858,480-644-9417
9769880,552-923-0297
9677724,204-063-5819
9086301,645-929-9915
7590566,676-803-6758
1992592,876-803-6758
1992593,876-803-6759
1992594,876-803-6760
1992595,876-803-6761
1992596,876-803-6762
1992597,876-803-6763
1992598,876-803-6764
1992599,876-803-6765
1992600,876-803-6766
1992601,876-803-6767
